SQL> INSERT INTO TIPOCONTACT (IDTIPOCONTA, DESCTIPOCONTA) VALUES (1,'CORREO');

1 fila creada.

SQL> INSERT INTO TIPOCONTACT (IDTIPOCONTA, DESCTIPOCONTA) VALUES (2,'NUMERO');

1 fila creada.

SQL> INSERT INTO TIPOCONTACT (IDTIPOCONTA, DESCTIPOCONTA) VALUES (3,'DIRECCION');

1 fila creada.

SQL> INSERT INTO TIPODOCUMENTO (IDTIPODOC, DESCTIPODOC) VALUES (1,'CC');

1 fila creada.

SQL> INSERT INTO TIPODOCUMENTO (IDTIPODOC, DESCTIPODOC) VALUES (2,'CEDULA EXTRANJERA');

1 fila creada.

SQL> INSERT INTO TIPODOCUMENTO (IDTIPODOC, DESCTIPODOC) VALUES (3,'PASAPORTE');

1 fila creada.

SQL> INSERT INTO TIPOLUGAR (IDTIPOLUGAR, DESCTIPOLUGAR) VALUES (1,'PAIS');

1 fila creada.

SQL> INSERT INTO TIPOLUGAR (IDTIPOLUGAR, DESCTIPOLUGAR) VALUES (2,'CIUDAD');

1 fila creada.

SQL> INSERT INTO TIPOLUGAR (IDTIPOLUGAR, DESCTIPOLUGAR) VALUES (3,'JUZGADO');

1 fila creada.

SQL> INSERT INTO FORMAPAGO (IDFORMAPAGO, DESCFORMAPAGO) VALUES (1,'EFECTIVO');

1 fila creada.

SQL> INSERT INTO FORMAPAGO (IDFORMAPAGO, DESCFORMAPAGO) VALUES (2,'TARJETA');

1 fila creada.

SQL> INSERT INTO FORMAPAGO (IDFORMAPAGO, DESCFORMAPAGO) VALUES (3,'BILLETERA MOVIL');

1 fila creada.

SQL> INSERT INTO FRANQUICIA (CODFRANQUICIA, NOMFRANQUICIA) VALUES (1,'BANCOLOMBIA');

1 fila creada.

SQL> INSERT INTO FRANQUICIA (CODFRANQUICIA, NOMFRANQUICIA) VALUES (2,'DAVIVIENDA');

1 fila creada.

SQL> INSERT INTO FRANQUICIA (CODFRANQUICIA, NOMFRANQUICIA) VALUES (3,'BANCO DE BOGOTA');

1 fila creada.

SQL> INSERT INTO INSTANCIA  (NINSTANCIA) VALUES (1);

1 fila creada.

SQL> INSERT INTO INSTANCIA  (NINSTANCIA) VALUES (2);

1 fila creada.

SQL> INSERT INTO INSTANCIA  (NINSTANCIA) VALUES (3);

1 fila creada.

SQL> INSERT INTO ETAPAPROCESAL (CODETAPA, NOMETAPA) VALUES (1, 'Indagacion');

1 fila creada.

SQL> INSERT INTO ETAPAPROCESAL (CODETAPA, NOMETAPA) VALUES (2, 'Imputacion');

1 fila creada.

SQL> INSERT INTO ETAPAPROCESAL (CODETAPA, NOMETAPA) VALUES (3, 'Acusacion');

1 fila creada.

SQL> INSERT INTO ETAPAPROCESAL (CODETAPA, NOMETAPA) VALUES (4, 'Juicio');

1 fila creada.

SQL> INSERT INTO ETAPAPROCESAL (CODETAPA, NOMETAPA) VALUES (5, 'Sentencia');

1 fila creada.

SQL> INSERT INTO ETAPAPROCESAL (CODETAPA, NOMETAPA) VALUES (6, 'Impugnacion');

1 fila creada.

SQL> INSERT INTO ETAPAPROCESAL (CODETAPA, NOMETAPA) VALUES (7, 'Demanda');

1 fila creada.

SQL> INSERT INTO ETAPAPROCESAL (CODETAPA, NOMETAPA) VALUES (8, 'Contestacion');

1 fila creada.

SQL> INSERT INTO ETAPAPROCESAL (CODETAPA, NOMETAPA) VALUES (9, 'Audiencia');

1 fila creada.

SQL> INSERT INTO ETAPAPROCESAL (CODETAPA, NOMETAPA) VALUES (10, 'Pruebas');

1 fila creada.

SQL> INSERT INTO ETAPAPROCESAL (CODETAPA, NOMETAPA) VALUES (11, 'Presentacion');

1 fila creada.

SQL> INSERT INTO ETAPAPROCESAL (CODETAPA, NOMETAPA) VALUES (12, 'Tramite urgente');

1 fila creada.

SQL> INSERT INTO ETAPAPROCESAL (CODETAPA, NOMETAPA) VALUES (13, 'Fallo');

1 fila creada.

SQL> INSERT INTO IMPUGNACION (IDIMPUGNA, NOMIMPUGNA) VALUES (1, 'Reposicion');

1 fila creada.

SQL> INSERT INTO IMPUGNACION (IDIMPUGNA, NOMIMPUGNA) VALUES (2, 'Apelacion');

1 fila creada.

SQL> INSERT INTO IMPUGNACION (IDIMPUGNA, NOMIMPUGNA) VALUES (3, 'Casacion');

1 fila creada.

SQL> INSERT INTO IMPUGNACION (IDIMPUGNA, NOMIMPUGNA) VALUES (4, 'Revision');

1 fila creada.

SQL> INSERT INTO IMPUGNACION (IDIMPUGNA, NOMIMPUGNA) VALUES (5, 'Unificacion de jurisprudencia');

1 fila creada.

SQL> INSERT INTO IMPUGNACION (IDIMPUGNA, NOMIMPUGNA) VALUES (6, 'Impugnacion de tutela');

1 fila creada.

SQL> INSERT INTO IMPUGNACION (IDIMPUGNA, NOMIMPUGNA) VALUES (7, 'Revision constitucional');

1 fila creada.

SQL> INSERT INTO ESPECIALIZACION (CODESPECIALIZACION, NOMESPECIALIZACION) VALUES (1, 'Penal');

1 fila creada.

SQL> INSERT INTO ESPECIALIZACION (CODESPECIALIZACION, NOMESPECIALIZACION) VALUES (2, 'Civil');

1 fila creada.

SQL> INSERT INTO ESPECIALIZACION (CODESPECIALIZACION, NOMESPECIALIZACION) VALUES (3, 'Laboral');

1 fila creada.

SQL> INSERT INTO ESPECIALIZACION (CODESPECIALIZACION, NOMESPECIALIZACION) VALUES (4, 'Administrativo');

1 fila creada.

SQL> INSERT INTO ESPECIALIZACION (CODESPECIALIZACION, NOMESPECIALIZACION) VALUES (5, 'Tutela');

1 fila creada.

SQL> INSERT INTO ESPECIALIZACION (CODESPECIALIZACION, NOMESPECIALIZACION) VALUES (6, 'Familia');

1 fila creada.

SQL> INSERT INTO ESPECIA_ETAPA (CODESPECIALIZACION, PASOETAPA, NINSTANCIA, CODETAPA) VALUES (1, 1, 1, 1);

1 fila creada.

SQL> INSERT INTO ESPECIA_ETAPA (CODESPECIALIZACION, PASOETAPA, NINSTANCIA, CODETAPA) VALUES (1, 2, 1, 2);

1 fila creada.

SQL> INSERT INTO ESPECIA_ETAPA (CODESPECIALIZACION, PASOETAPA, NINSTANCIA, CODETAPA) VALUES (1, 3, 1, 3);

1 fila creada.

SQL> INSERT INTO ESPECIA_ETAPA (CODESPECIALIZACION, PASOETAPA, NINSTANCIA, CODETAPA) VALUES (1, 4, 1, 4);

1 fila creada.

SQL> INSERT INTO ESPECIA_ETAPA (CODESPECIALIZACION, PASOETAPA, NINSTANCIA, CODETAPA) VALUES (1, 5, 1, 5);

1 fila creada.

SQL> INSERT INTO ESPECIA_ETAPA (CODESPECIALIZACION, PASOETAPA, NINSTANCIA, CODETAPA, IDIMPUGNA) VALUES (1, 6, 2, 6, 1);

1 fila creada.

SQL> INSERT INTO ESPECIA_ETAPA (CODESPECIALIZACION, PASOETAPA, NINSTANCIA, CODETAPA, IDIMPUGNA) VALUES (1, 7, 2, 6, 2);

1 fila creada.

SQL> INSERT INTO ESPECIA_ETAPA (CODESPECIALIZACION, PASOETAPA, NINSTANCIA, CODETAPA, IDIMPUGNA) VALUES (1, 8, 2, 6, 3);

1 fila creada.

SQL> INSERT INTO ESPECIA_ETAPA (CODESPECIALIZACION, PASOETAPA, NINSTANCIA, CODETAPA, IDIMPUGNA) VALUES (1, 9, 2, 6, 4);

1 fila creada.

SQL> INSERT INTO ESPECIA_ETAPA (CODESPECIALIZACION, PASOETAPA, NINSTANCIA, CODETAPA) VALUES (2, 1, 1, 7);

1 fila creada.

SQL> INSERT INTO ESPECIA_ETAPA (CODESPECIALIZACION, PASOETAPA, NINSTANCIA, CODETAPA) VALUES (2, 2, 1, 8);

1 fila creada.

SQL> INSERT INTO ESPECIA_ETAPA (CODESPECIALIZACION, PASOETAPA, NINSTANCIA, CODETAPA) VALUES (2, 3, 1, 9);

1 fila creada.

SQL> INSERT INTO ESPECIA_ETAPA (CODESPECIALIZACION, PASOETAPA, NINSTANCIA, CODETAPA) VALUES (2, 4, 1, 10);

1 fila creada.

SQL> INSERT INTO ESPECIA_ETAPA (CODESPECIALIZACION, PASOETAPA, NINSTANCIA, CODETAPA) VALUES (2, 5, 1, 5);

1 fila creada.

SQL> INSERT INTO ESPECIA_ETAPA (CODESPECIALIZACION, PASOETAPA, NINSTANCIA, CODETAPA, IDIMPUGNA) VALUES (2, 6, 2, 6, 1);

1 fila creada.

SQL> INSERT INTO ESPECIA_ETAPA (CODESPECIALIZACION, PASOETAPA, NINSTANCIA, CODETAPA, IDIMPUGNA) VALUES (2, 7, 2, 6, 2);

1 fila creada.

SQL> INSERT INTO ESPECIA_ETAPA (CODESPECIALIZACION, PASOETAPA, NINSTANCIA, CODETAPA, IDIMPUGNA) VALUES (2, 8, 2, 6, 3);

1 fila creada.

SQL> INSERT INTO ESPECIA_ETAPA (CODESPECIALIZACION, PASOETAPA, NINSTANCIA, CODETAPA, IDIMPUGNA) VALUES (2, 9, 2, 6, 4);

1 fila creada.

SQL> INSERT INTO ESPECIA_ETAPA (CODESPECIALIZACION, PASOETAPA, NINSTANCIA, CODETAPA) VALUES (3, 1, 1, 7);

1 fila creada.

SQL> INSERT INTO ESPECIA_ETAPA (CODESPECIALIZACION, PASOETAPA, NINSTANCIA, CODETAPA) VALUES (3, 2, 1, 9);

1 fila creada.

SQL> INSERT INTO ESPECIA_ETAPA (CODESPECIALIZACION, PASOETAPA, NINSTANCIA, CODETAPA) VALUES (3, 3, 1, 10);

1 fila creada.

SQL> INSERT INTO ESPECIA_ETAPA (CODESPECIALIZACION, PASOETAPA, NINSTANCIA, CODETAPA) VALUES (3, 4, 1, 5);

1 fila creada.

SQL> INSERT INTO ESPECIA_ETAPA (CODESPECIALIZACION, PASOETAPA, NINSTANCIA, CODETAPA, IDIMPUGNA) VALUES (3, 5, 2, 6, 2);

1 fila creada.

SQL> INSERT INTO ESPECIA_ETAPA (CODESPECIALIZACION, PASOETAPA, NINSTANCIA, CODETAPA, IDIMPUGNA) VALUES (3, 6, 2, 6, 3);

1 fila creada.

SQL> INSERT INTO ESPECIA_ETAPA (CODESPECIALIZACION, PASOETAPA, NINSTANCIA, CODETAPA) VALUES (4, 1, 1, 7);

1 fila creada.

SQL> INSERT INTO ESPECIA_ETAPA (CODESPECIALIZACION, PASOETAPA, NINSTANCIA, CODETAPA) VALUES (4, 2, 1, 8);

1 fila creada.

SQL> INSERT INTO ESPECIA_ETAPA (CODESPECIALIZACION, PASOETAPA, NINSTANCIA, CODETAPA) VALUES (4, 3, 1, 10);

1 fila creada.

SQL> INSERT INTO ESPECIA_ETAPA (CODESPECIALIZACION, PASOETAPA, NINSTANCIA, CODETAPA) VALUES (4, 4, 1, 5);

1 fila creada.

SQL> INSERT INTO ESPECIA_ETAPA (CODESPECIALIZACION, PASOETAPA, NINSTANCIA, CODETAPA, IDIMPUGNA) VALUES (4, 5, 2, 6, 2);

1 fila creada.

SQL> INSERT INTO ESPECIA_ETAPA (CODESPECIALIZACION, PASOETAPA, NINSTANCIA, CODETAPA, IDIMPUGNA) VALUES (4, 6, 2, 6, 4);

1 fila creada.

SQL> INSERT INTO ESPECIA_ETAPA (CODESPECIALIZACION, PASOETAPA, NINSTANCIA, CODETAPA, IDIMPUGNA) VALUES (4, 7, 2, 6, 5);

1 fila creada.

SQL> INSERT INTO ESPECIA_ETAPA (CODESPECIALIZACION, PASOETAPA, NINSTANCIA, CODETAPA) VALUES (5, 1, 1, 11);

1 fila creada.

SQL> INSERT INTO ESPECIA_ETAPA (CODESPECIALIZACION, PASOETAPA, NINSTANCIA, CODETAPA) VALUES (5, 2, 1, 12);

1 fila creada.

SQL> INSERT INTO ESPECIA_ETAPA (CODESPECIALIZACION, PASOETAPA, NINSTANCIA, CODETAPA) VALUES (5, 3, 1, 13);

1 fila creada.

SQL> INSERT INTO ESPECIA_ETAPA (CODESPECIALIZACION, PASOETAPA, NINSTANCIA, CODETAPA, IDIMPUGNA) VALUES (5, 4, 2, 6, 6);

1 fila creada.

SQL> INSERT INTO ESPECIA_ETAPA (CODESPECIALIZACION, PASOETAPA, NINSTANCIA, CODETAPA, IDIMPUGNA) VALUES (5, 5, 2, 6, 7);

1 fila creada.

SQL> INSERT INTO ESPECIA_ETAPA (CODESPECIALIZACION, PASOETAPA, NINSTANCIA, CODETAPA, IDIMPUGNA) VALUES (6, 1, 2, 6, 2);

1 fila creada.

SQL> INSERT INTO ESPECIA_ETAPA (CODESPECIALIZACION, PASOETAPA, NINSTANCIA, CODETAPA, IDIMPUGNA) VALUES (6, 2, 2, 6, 3);

1 fila creada.

SQL> INSERT INTO CLIENTE (CODCLIENTE, IDTIPODOC, NOMCLIENTE, APELCLIENTE, NDOCUMENTO) VALUES (1, 1, 'MAURICIO', 'TABARES', 10146600402);

1 fila creada.

SQL> INSERT INTO CLIENTE (CODCLIENTE, IDTIPODOC, NOMCLIENTE, APELCLIENTE, NDOCUMENTO) VALUES (2, 2, 'SANTIAGO', 'ALDANA', 51923845);

1 fila creada.

SQL> INSERT INTO CLIENTE (CODCLIENTE, IDTIPODOC, NOMCLIENTE, APELCLIENTE, NDOCUMENTO) VALUES (3, 2, 'SANTIAGO', 'LUGO', 53528112);

1 fila creada.

SQL> INSERT INTO CLIENTE (CODCLIENTE, IDTIPODOC, NOMCLIENTE, APELCLIENTE, NDOCUMENTO) VALUES (4, 3, 'JUAN', 'QUIROGA', 10132830302);

1 fila creada.

SQL> INSERT INTO CLIENTE (CODCLIENTE, IDTIPODOC, NOMCLIENTE, APELCLIENTE, NDOCUMENTO) VALUES (5, 1, 'DANIELA', 'HERNANDEZ', 1330432);

1 fila creada.

SQL> INSERT INTO ABOGADO (CEDULA, NOMBRE, APELLIDO, NTARJETAPROFESIONAL) VALUES (1011123, 'SERGIO', 'PORRAS', 58369);

1 fila creada.

SQL> INSERT INTO ABOGADO (CEDULA, NOMBRE, APELLIDO, NTARJETAPROFESIONAL) VALUES (1058742, 'PAOLA', 'GONZALEZ', 12587);

1 fila creada.

SQL> INSERT INTO ABOGADO (CEDULA, NOMBRE, APELLIDO, NTARJETAPROFESIONAL) VALUES (10747458, 'OSCAR', 'GONZALEZ', 48756);

1 fila creada.

SQL> INSERT INTO ABOGADO (CEDULA, NOMBRE, APELLIDO, NTARJETAPROFESIONAL) VALUES (117486259, 'CAMILO', 'PEREZ', 65821);

1 fila creada.

SQL> INSERT INTO ABOGADO (CEDULA, NOMBRE, APELLIDO, NTARJETAPROFESIONAL) VALUES (6285471, 'SOFIA', 'ALDANA', 24751);

1 fila creada.

SQL> INSERT INTO TIPOLUGAR (IDTIPOLUGAR, DESCTIPOLUGAR) VALUES (4,'JUZGADO');

1 fila creada.

SQL> INSERT INTO LUGAR (CODLUGAR, IDTIPOLUGAR, NOMLUGAR) VALUES (34, 1, 'Espana');

1 fila creada.

SQL> INSERT INTO LUGAR (CODLUGAR, IDTIPOLUGAR, NOMLUGAR) VALUES (1, 1, 'EEUU');

1 fila creada.

SQL> INSERT INTO LUGAR (CODLUGAR, IDTIPOLUGAR, NOMLUGAR) VALUES (57, 1, 'Colombia');

1 fila creada.

SQL> INSERT INTO LUGAR (CODLUGAR, IDTIPOLUGAR, NOMLUGAR) VALUES (52, 1, 'Mexico');

1 fila creada.

SQL> INSERT INTO LUGAR (CODLUGAR, LUG_CODLUGAR, IDTIPOLUGAR, NOMLUGAR) VALUES (341, 34, 2, 'Madrid');

1 fila creada.

SQL> INSERT INTO LUGAR (CODLUGAR, LUG_CODLUGAR, IDTIPOLUGAR, NOMLUGAR) VALUES (11, 1, 2, 'Washington');

1 fila creada.

SQL> INSERT INTO LUGAR (CODLUGAR, LUG_CODLUGAR, IDTIPOLUGAR, NOMLUGAR) VALUES (571, 57, 2, 'Bogota');

1 fila creada.

SQL> INSERT INTO LUGAR (CODLUGAR, LUG_CODLUGAR, IDTIPOLUGAR, NOMLUGAR) VALUES (521, 52, 2, 'CDMX');

1 fila creada.

SQL> INSERT INTO LUGAR (CODLUGAR, LUG_CODLUGAR, IDTIPOLUGAR, NOMLUGAR, DIRELUGAR, TELLUGAR, EMAILLUGAR) VALUES (5711, 571, 3, 'Juzgado 1 Penal Municipal', 'Calle 19 #7-32', 6015554400, 'juzgado1penal@justicia.co');

1 fila creada.

SQL> INSERT INTO LUGAR (CODLUGAR, LUG_CODLUGAR, IDTIPOLUGAR, NOMLUGAR, DIRELUGAR, TELLUGAR, EMAILLUGAR) VALUES (3411, 341, 3, 'Juzgado de 1 Instancia 5', 'Passeig de Gracia 80', 932555780, 'instancia5@justicia.es');

1 fila creada.

SQL> INSERT INTO LUGAR (CODLUGAR, LUG_CODLUGAR, IDTIPOLUGAR, NOMLUGAR, DIRELUGAR, TELLUGAR, EMAILLUGAR) VALUES (5211, 521, 3, 'Juzgado Civil Central de 1I', 'Av. Reforma 250', 5555501200, 'civilcentral@poderjudicial.mx');

1 fila creada.

SQL> INSERT INTO LUGAR (CODLUGAR, LUG_CODLUGAR, IDTIPOLUGAR, NOMLUGAR, DIRELUGAR, TELLUGAR, EMAILLUGAR) VALUES (3412, 341,  4, 'Tribunal Supremo', 'Calle Justicia 12', 910555001, 'contacto@tribunalsupremo.es');

1 fila creada.

SQL> INSERT INTO LUGAR (CODLUGAR, LUG_CODLUGAR, IDTIPOLUGAR, NOMLUGAR, DIRELUGAR, TELLUGAR, EMAILLUGAR) VALUES (111, 11,  4, 'Supreme Court of the US', '1 First St NE', 2025552100, 'info@supremecourt.us');

1 fila creada.

SQL> INSERT INTO LUGAR (CODLUGAR, LUG_CODLUGAR, IDTIPOLUGAR, NOMLUGAR, DIRELUGAR, TELLUGAR, EMAILLUGAR) VALUES (5712, 571,  4, 'Corte Suprema de Justicia', 'Carrera 8 #12-45', 6015559000, 'contacto@cortesuprema.co');

1 fila creada.

SQL> INSERT INTO ABOGADO (CEDULA, NOMBRE, APELLIDO, NTARJETAPROFESIONAL) VALUES (7214598, 'MARIO', 'VELASQUEZ', 31842);

1 fila creada.

SQL> INSERT INTO ABOGADO (CEDULA, NOMBRE, APELLIDO, NTARJETAPROFESIONAL) VALUES (8451267, 'LAURA', 'CASTRO', 28911);

1 fila creada.

SQL> INSERT INTO ABOGADO (CEDULA, NOMBRE, APELLIDO, NTARJETAPROFESIONAL)  VALUES (9145723, 'CARLOS', 'TORRES', 30577);

1 fila creada.

SQL> INSERT INTO ABOGADO (CEDULA, NOMBRE, APELLIDO, NTARJETAPROFESIONAL) VALUES (6578912, 'ANGELA', 'RAMIREZ', 27654);

1 fila creada.

SQL> INSERT INTO ABOGADO (CEDULA, NOMBRE, APELLIDO, NTARJETAPROFESIONAL) VALUES (7823491, 'DIEGO', 'MARTINEZ', 33289);

1 fila creada.

SQL> spool off
